Name,Address_0,Latitude_0,Longitude_0,place_id
Tasmanian Tiger Technologies,"6/16 Goodman Ct, Launceston TAS 7248, Australia",-41.4141121,147.135311,ChIJpz5OxdqmcKoRtp3T_FqTXok
Rytmar,"Jindera NSW 2642, Australia",-35.9547409,146.8886425,ChIJsWaahqzYI2sRJjMv7dJ84Bc
Nine PC Technologies,"No12, 13, Jalan Seri Putra 1/2, Bandar Seri Putra, 43000 Kajang, Selangor, Malaysia",2.88437,101.7913239,ChIJZxk-RIfJzTERgbdFbUTx2Z4
AUS IT TECH Direct Pty Ltd,"Suite 33/58-62 Water St S, Toowoomba City QLD 4350, Australia",-27.5704165,151.9487871,ChIJNV8yGBNdlmsRB8JKsPt0HQ8
Rosman Computers,"Shop 17 Thirroul Plaza, 282 Lawrence Hargrave Drive, Thirroul NSW 2515, Australia",-34.3155975,150.9217552,ChIJcYfYEs8fE2sRzmrWEhcoZus
World of Mobile,"290 Orchard Rd, Singapore 238859",1.3039311,103.8355849,ChIJVVVVMJIZ2jERfk-Z4FQx9lA
Laptop Screen Man,null,null,null,null
Invent Marine,"11-02 Marine Parade Central, Singapore 449408",1.3017126,103.90579,ChIJEysTdXEY2jERX1V95PReG_c
Maleny Computers,"Shop 6/2 Maple St, Maleny QLD 4552, Australia",-26.7580609,152.853557,ChIJc6eKWhSHk2sR6g8SiSdtyzQ
Save Systems Technologies Pty Ltd,"17, Jalan Kempas 2/1, Kawasan Perindustrian Tanah Tampoi, 81200 Johor Bahru, Johor, Malaysia",1.5145009,103.7326119,ChIJXemPdH9t2jERe_fsditXCiU
QuickFix Computers and Notebooks,"1/407 Hume Hwy, Liverpool NSW 2170, Australia",-33.9360475,150.9145849,ChIJs8Te46mVEmsRepNMYEzZXQU
GT-Micropro,"4 Gerald Cres, Doonside NSW 2767, Australia",-33.7455612,150.8741129,ChIJC1CM7GiZEmsRRvcszbhZFH8
Straight Forward Computing,"229 Mountbatten Rd, #03-38 Mountbatten Square, Singapore 398007",1.3076402,103.8811851,ChIJaVp_A68Z2jERjMx3ubqK0VE
Teksolution Computing Services,"No 42/20 Thiruvalluvar Salai, Periya, Kodungaiyur, Chennai, Tamil Nadu 600118, India",13.1378293,80.2467222,ChIJKa2iOqBdUjoRAJJnfgDSEZI
Inkdirect,"122 Fergusson Street, Feilding 4702, New Zealand",-40.2261535,175.5680051,ChIJwQNYT4JKQG0RxkKRWUqnSwg
PCAU.COM,"Suite 208/35 Doody St, Alexandria NSW 2015, Australia",-33.916493,151.195982,ChIJTTXVMq6xEmsRMITAJh1zywM
SECA Computer,"13/12 Churchill Ave, Strathfield NSW 2135, Australia",-33.8728513,151.0933058,ChIJNcevg9i6EmsR1Km1tYe9D10
PC Space,"Eco Palladium, Jln Ekoflora 7/2, 81100 Johor Bahru, Johor, Malaysia",1.5882421,103.7586482,ChIJtx-huTVv2jERcdhclDCz-eU
Userland Australia,"3 HAPENNY LANE OFF, Katoomba St, Katoomba NSW 2780, Australia",-33.716316,150.310866,ChIJEdezw5huEmsRNW2QGZL3xHU
IShop Cairns,"116A Grafton St, Cairns City QLD 4870, Australia",-16.921792,145.7739246,ChIJNTBJjJFmeGkRbhqJCqaRO5s
Opentec Solutions,"Unit 4/2 Southridge St, Eastern Creek NSW 2766, Australia",-33.8136616,150.8420278,ChIJR79BI7-QEmsR3bqBf2zsysk
Aftershock PC Australia,"298 St Kilda Rd, St Kilda VIC 3182, Australia",-37.8643043,144.9859766,ChIJkcgarUNo1moReQmcPzGALCE
Saerox Corporation,"95, Jalan Bentara 1, Taman Ungku Tun Aminah, Johor Bahru, Skudai, 81300, Johor Bahru, Johor, 81300, Malaysia",1.5178195,103.6596303,ChIJHbnj1KFz2jERM7a7PoRpSlM
I-Tech Computers,"NO.12, LEVEL 4, PLAZA PELANGI, 2, Jalan Kuning, Taman Pelangi, 80400 Johor Bahru, Johor, Malaysia",1.4800304,103.7652119,ChIJlyfxjR5t2jERDRcoUEGLSt0
JEA Technologies,"Unit 36/41-49 Norcal Rd, Nunawading VIC 3131, Australia",-37.823016,145.182444,ChIJvbXrQ3I-1moRUxHj1m0RkV0
OriginPC Australia,"2 Stoddart Rd, Prospect NSW 2148, Australia",-33.8003552,150.9243481,ChIJo6DOTzmYEmsRqkWaOEA8Ou4
Agile Data Services,"1 Kaki Bukit Rd 1, Singapore 415934",1.3330524,103.9018151,ChIJh1MpDvYX2jERiGkKE-M_TB0
SecuTech Solutions Inc.,"32 Delhi Rd, North Ryde NSW 2113, Australia",-33.794924,151.1428306,ChIJCcxXLf-lEmsRt0_ny2O_Y9Y
Chainway Australia,"15 Rimfire Dr, Hallam VIC 3803, Australia",-38.018747,145.272861,ChIJczLSynMR1moRczvTkxCbbgk
Blupeak,"Level 7/91 Phillip St, Parramatta NSW 2150, Australia",-33.8131685,151.006267,ChIJs6CQyh6jEmsRubiN67c_gRs
Goodmayes Online - Computer Online Store Australia,"Goodmayes Retail Park, 5, High Rd, Chadwell Heath, Ilford RM6 4HX, United Kingdom",51.5668941,0.1165198,ChIJ34SQAEik2EcRiKyDZ1iBZgA
Secure Appliance Systems,"No. 3, Ang Mo Kio Industrial Park 2A, #02-01, Ang Mo Kio Tech 2, 568050, Singapore 568050",1.3458865,103.7508988,ChIJucjD4T8Q2jERzeQM5KRIxvI
101 iT Pty Ltd,"146 Anderson St, Hatfield, Pretoria, 0028, South Africa",-25.760921,28.237572,ChIJrWz7oZhhlR4RAL1pGK1B2Us
UberNerd,"4 Beverley Grove, West Moonah TAS 7009, Australia",-42.8481108,147.2836535,ChIJKzZUAljfbaoRbFj0En7JINo
A PC GENIUS,"270 Orchard Rd, Singapore 238857",1.3028881,103.8363884,ChIJB0Zz1ZMZ2jERimYnkTZmS-k
Sangsurya,"95 Old Bangalow Rd, Byron Bay NSW 2481, Australia",-28.669373,153.604606,ChIJXbxgSfVikGsR1oiSelTIFHY
Welcome To Alliedinfo,"10/176 S Creek Rd, Cromer NSW 2099, Australia",-33.7336482,151.2807685,ChIJuzh5_HdVDWsRMkPDxJfT6rM
Compuman,"111 Fulton St #706, New York, NY 10038, United States",40.7100217,-74.0068304,ChIJTaJmqMFYwokR-Q_vvOyxNh0
ICT Lifecycle - Hardware and Software Solutions,"20 Changi Business Park Central 2, #05-02/03 Rigel Innovation Center, Singapore 486031",1.3378378,103.9676929,ChIJnZLDJNc82jERZRR7YCud_t0
OM Laptop Repair Centre,"221, #06-13 Henderson Rd, Henderson Building, Singapore 159557",1.2805136,103.8208177,ChIJTW-NeW8b2jER-lkRM_d99Ck
Infortech Distribution,"No. 53, Jalan Rosmerah 2/1, Taman Johor Jaya, Johor, 81100 Johor Bahru, Malaysia",1.535228,103.793873,ChIJEfDRPD9s2jERYK_3l1HxYwM
PCG4M3R Systems & Services,null,null,null,null
Wilkie's PCs,null,null,null,null
Morgan Street Dental Centre,"40 Amoy St, Singapore 069866",1.2806446,103.8470753,ChIJtRcIcg0Z2jER_7IhjPjgDvc
Computer Repairs and Services,"45, Jalan Kebudayaan 4, Taman Universiti, 81300 Skundai, Johor, Malaysia",1.541524,103.629559,ChIJu9D22A502jERuK0SEdQ9L7g
DASH Computer Repairs,"Blackthorn Business Park, Old Stable, Coes Rd, Marshes Lower, Dundalk, Co. Louth, Ireland",54.0050103,-6.3800418,ChIJYRatNZ3OYEgRxF67qn-Ie3I
Laptop Repair Sydney,"C7/13-15 Forrester St, Kingsgrove NSW 2208, Australia",-33.9388539,151.0972984,ChIJFeAgoyu6EmsRt5zd0YBbl1A
Server Parts,"No.47, Jalan Masai Jaya 1, 81100 Johor Bahru, Johor, Malaysia",1.5217819,103.813902,ChIJiyV9aoxt2jERrAb6aT_RSKo
ICP Digital Signage,"1 Wallich St, #22-01 Guoco Tower, Singapore 078881",1.276994,103.845777,ChIJRUb2xKUZ2jER4yqhNOSyY98
Aquila Computer Solutions,"Jl. Brigjen Katamso KM 6, Tanjung Uncang, Batu Aji, Tj. Uncang, Kec. Batu Aji, Kota Batam, Kepulauan Riau 29423, Indonesia",1.0417863,103.9112304,ChIJh0fZWLTy2TERD7_tdPraOdg
Young Tech Computer,"930 Yishun Ave 2 #03-09/10 Northpoint Shopping Centre, Northpoint City, Singapore 769098",1.4292716,103.836095,ChIJNQt1fWUU2jERMHbKf7VyeuI
Serendipity Cyber Services,"Swapnapurti, Plot No. 42, Star City, Siddhivinayak Park, Pune-Solapur Highway, Near Kawadi Pat Toll Plaza, Kalbhor Nagar, Haveli, Pune, Maharashtra 412307, India",18.1635835,74.9612771,ChIJeTE2LHyAwzsRELhPF8Wa_nU
Smartmove Computing,"218 Pakenham St, Echuca VIC 3564, Australia",-36.1280354,144.7509331,ChIJsW_elPoC2WoRhEhd-Ys1U4w
ITechservices,"3, Jalan Pinang E 18/E, Seksyen 18, 40000 Shah Alam, Selangor, Malaysia",3.045041,101.516535,ChIJKazBfq9SzDERGISthlz3j9U
COMPLETE TECHNOLOGY PTY LTD,"05-334 Choa Chu Kang Ave 4, Singapore 680414",1.381176,103.738899,ChIJbxyuH90R2jERl4qwytfXbC8
JC TECH SOLUTIONS LIMITED,"No 42, 1, Jalan Rahmat 4, Taman Malim Jaya, 75250 Malacca, Malaysia",2.2404791,102.2332389,ChIJU_SH2wzx0TERm63i3q24VJg
Jaxsta Ltd,"Level 1/113-115 Oxford St, Darlinghurst NSW 2010, Australia",-33.8793762,151.2149099,ChIJm9FqRxeuEmsRXJ0M6hktPpg
Parketronics Pty Ltd.,"45 Douglas Dr, Mawson Lakes SA 5095, Australia",-34.8145741,138.6205691,ChIJ06GF7oq2sGoR19qutnGcd6k
Habus Maso,null,null,null,null
Leading Edge Computers Katoomba,"93 Katoomba St, Katoomba NSW 2780, Australia",-33.7147428,150.3111699,ChIJwREBF5luEmsRTskvlluphFM
POS PLAZA,"JKR 2386, Jalan Nenas, Taman Tampoi, 81200 Johor Bahru, Johor, Malaysia",1.4965645,103.7029264,ChIJrxWKgOpy2jERwhO6Xiu-RIs
J Mills Distribution,"3360 N Benzing Rd, Orchard Park, NY 14127, United States",42.793383,-78.7793439,ChIJI1w8xm0P04kR3CSIocvlSmg
VT Technology,"16 Kallang Pl, Singapore 339156",1.3166216,103.8665462,ChIJwwhzn9IZ2jER6UvEEpjyjLg
fit-PC.com.au,"Unit 5/9 Hudson Ave, Castle Hill NSW 2154, Australia",-33.7307066,150.975114,ChIJdSDafZKUEmsRg51xCzitVic
Omnisystems Network Solutions Pty Ltd,"2/57A Burwood Rd, Burwood NSW 2134, Australia",-33.875134,151.103751,ChIJj-XVH9u6EmsROrIoUC8aVs4
iLove Computers,"Shop 18/130-164 Brisbane Rd, Mooloolaba QLD 4557, Australia",-26.6908987,153.1148116,ChIJ-eMRnfx1k2sRDc9H6RG0BrA
Kvm Av Australia,"3/3 La Fayette Blvd, Bibra Lake WA 6163, Australia",-32.090927,115.813547,ChIJ17_9WIKiMioRGC2oGA-ECcQ
Marm UPS Pty Ltd,"80 Box Rd, Taren Point NSW 2229, Australia",-34.0244784,151.1166695,ChIJbXPIrnS4EmsRtQ1vTkwwbsM
Rugged Technologies,"19, #04-161 Kallang Ave, Singapore 339410",1.3109926,103.8652162,ChIJm3KJEK8Z2jERlfNlxD-laYQ
Oplus,"6A Shenton Way, #01-07, Singapore 068815",1.276743,103.848264,ChIJi5p3pRMZ2jERY84Am53cD2I
Hello Hire,"135 Middle Rd, #01-01 Bylands Building, Singapore 188975",1.2992665,103.8525986,ChIJw9snPbsZ2jERmavPMdsh-nQ
Plug n Play Computers Menai,"92 Allison Cres, Menai NSW 2234, Australia",-34.0114285,151.0172892,ChIJQ4KQLZrAEmsR_UnydAbIOEk
Technologically Speaking,"7/224 Carr Pl, Leederville WA 6007, Australia",-31.9371174,115.8425571,ChIJebt3PCWxMioRlGkMpODxa-4
Studebaker,"Lukluk, Mengwi, Badung Regency, Bali, Indonesia",-8.5824531,115.1887926,ChIJFcJsNU050i0RMxxbY4izyqk
PCC Computers,"132 Keira St, Wollongong NSW 2500, Australia",-34.4222633,150.8934453,ChIJtxSmU6YZE2sRdnNiM_eilpQ
Fix My Laptop,"50 Gambas Cres, #08-13 Proxima @ Gambas, Singapore 757022",1.442306,103.8184676,ChIJq6EzRugT2jERgThb-MeBp7Q
PC Plus Solutions,"4/14 Marshall Ln, Kenmore QLD 4069, Australia",-27.508938,152.947936,ChIJw7aM8r5RkWsRhIuTvi39qwA
Tech22,"Unit 11/156 Inala Ave, Inala QLD 4077, Australia",-27.5981839,152.9741331,ChIJRf-bYhtPkWsRaY7KZaumGV4
The Laptop Man Mackay,"134 Wood St, Mackay QLD 4740, Australia",-21.1456532,149.1850666,ChIJWZEoyfPT22sRtc8kEt0jGR8
Microtrade Australia,"29 Williams Rd, Dandenong South VIC 3175, Australia",-38.013397,145.2219289,ChIJo1CfruEU1moRCRpibe9_E3s
LINDY Australia,"2/106 Fison Ave W, Eagle Farm QLD 4009, Australia",-27.4354972,153.086914,ChIJyVQ2QblZkWsRpzl-IY3yVrI
LG I.T Monitors Australia,"2 Wonderland Dr, Eastern Creek NSW 2766, Australia",-33.8049785,150.8501159,ChIJfVhRE6-QEmsR-2l74X4KLe0
Reboot IT,"12/820 Princes Hwy, Springvale VIC 3171, Australia",-37.937024,145.162853,ChIJo1CfruEU1moR84WNlk1NrE0
Enable Computer Hardware,"6 Serangoon North Ave 5, #03-08, Singapore 554910",1.3750909,103.8687651,ChIJp6aDc6wi2jERAKP1ycaq_DI
Distimax,"2/1 Rowe St, Freshwater NSW 2096, Australia",-33.780991,151.278854,ChIJvQ5cmFWqEmsRyOszTHqpPgI
POS Central,"Buliang, Batu Aji, Batam City, Riau Islands 29424, Indonesia",1.0441099,103.9808276,ChIJbRweppWN2TERKk0XnUnut2I
ComputerWorld Corporate,"56A Pagoda St, 54A, Singapore 059215",1.2836398,103.8440198,ChIJqQZ_hr4Z2jERz6mBxfJoZWE
PrintCom,"Lot 1.38, Ground Floor, Wisma Central, Jalan Ampang, Kuala Lumpur, 50450 Kuala Lumpur, Wilayah Persekutuan Kuala Lumpur, Malaysia",3.1586094,101.7145757,ChIJs7xdHdE3zDERrv7gJgtS1Y8
The Computer Market,"1 #05-67 Sim Lim Square, Rochor Canal Rd, Singapore 188504",1.303045,103.852953,ChIJpRA-1rsZ2jERseFK2BNsVMw
OZB Enterprises (SA) Pty Ltd,"7 Rosslyn St, Mile End SA 5031, Australia",-34.932452,138.5717375,ChIJ67XXMG7PsGoR81RtJ7YmLlU
EYO Technologies,"5/20 Harris St, Condell Park NSW 2200, Australia",-33.9316921,151.0130899,ChIJmVLJD5C-EmsRJBf9CVU3kXA
ATM Computers,"6/75-81 Oatley Ct, Belconnen ACT 2617, Australia",-35.2421133,149.0595373,ChIJp-XUjXitF2sRTjnEMxal2co
Computer Troubleshooters Toowoomba East,"187 Hume Street The Hooper Centre (Next to Patons, Toowoomba City QLD 4350, Australia",-27.5664089,151.9559317,ChIJy1gZSnpclmsRcjepgLuxDHk
Speedy Computer Solutions,"133, #10-03 New Bridge Rd, CHINATOWN POINT, Singapore 059413",1.2852093,103.8447228,ChIJhSwv3DUZ2jERSkPv9_unNOI
Computer Troubleshooters Indooroopilly,null,null,null,null
Gecko IT online,"Gateway Ekamai, 2nd, Mall, Phra Khanong, Bangkok 10110, Thailand",13.7185833,100.5854177,ChIJl_4KJ81hHTERIkAJ3IZty0o
Jingl,"Suite 31, Waterman Caribbean, 44, Lakeview Dr, Scoresby VIC 3179, Australia",-37.9139283,145.2198514,ChIJdyAzmxpB1moRJ3WDCu4ch50
Arbor Australia,"Building 36/41-49 Norcal Rd, Nunawading VIC 3131, Australia",-37.823016,145.182444,ChIJfcnHcU851moRmwxtjp5kCA0
Pacific Products & Services Pty Ltd,"120 Hillview Ter, Singapore 669278",1.3524071,103.7581983,ChIJBTbiK0QQ2jERuTtfl5MjRVk
Psa Parts Pty Ltd,"9 Frankston Gardens Dr, Carrum Downs VIC 3201, Australia",-38.1062489,145.1629797,ChIJ0xBsq5JC1moRktLiUn7nxj0
WeTouch Technology,"40/10-1, Lakshmipuram N Rd, near Narathagana sabha, Jawahar Bazaar, Karur, Tamil Nadu 639002, India",10.9568803,78.077275,ChIJvZW2kugvqjsRSN7RZZkAUEk
CommandFix,"106 Elgin St, Carlton VIC 3053, Australia",-37.7973892,144.9711934,ChIJ-8-s7tdC1moRw15EcviPayE
Tegatech Australia,null,null,null,null
OneTech IT,"140 Robinson Rd, #15-02 Crown at Robinson, Singapore 068907",1.2784458,103.848261,ChIJ9TSQE1IZ2jERBh2aIUtpq7I
ICP Global Pty Ltd,"10 Anson Rd, International Plaza, Singapore 079903",1.2760031,103.8459242,ChIJt5w2QRMZ2jERCHSt0RIWV9U
Iseeroo,null,null,null,null
Lako Pacific,null,null,null,null
Zergotech Pty Ltd,"Suite 202/100 New S Head Rd, Edgecliff NSW 2027, Australia",-33.8776747,151.2345328,ChIJLTvwIEKuEmsRGbsP0B3WtII
IPhone Repairs,"10, Jalan Pendidikan 8, Taman Universiti, 81300 Skudai, Johor, Malaysia",1.5443879,103.629976,ChIJbyWX-gV02jERcXta3uNQAg0
Stutch Data Services Pty Ltd,"Unit C6, Encompass Business Park, 101 Rookwood Rd, Yagoona NSW 2199, Australia",-33.8973382,151.0379784,ChIJZS2KYJ-_EmsRG011mt9fl0o
13 IT,null,null,null,null
GEEK FIX LTD,"Chennai - Delhi Highway, Kamla Nagar, Agra, Uttar Pradesh, India",27.2079653,78.0236168,ChIJ4VtZ5BYBDTkR3XjgLqmAB0c
Skypad Stands,null,null,null,null
Vergent Research,"5810 W 78th St Suite 222, Minneapolis, MN 55439, United States",44.8618479,-93.3575219,ChIJnxaBLYwys1IRCvH5vDvSnDE
Tacsum Distribution Pty. Ltd.,null,null,null,null
Warpgate Industries,null,null,null,null
2EZ Computer Solutions,null,null,null,null
Amorini Factory Outlet,"1/10-12 Deeds Rd, Camden Park SA 5038, Australia",-34.9615572,138.5409942,ChIJcTibiEnFsGoRc8n19qWd07o
Sysnex Systems,"1/18 Export Dr, Molendinar QLD 4214, Australia",-27.9696093,153.3602793,ChIJI9W6sZ0akWsRfnmi-axZGwQ
Data Recovery Perth,"70/50 St Georges Terrace, Perth WA 6000, Australia",-31.955038,115.8594314,ChIJgaK6ENa6MioROjVxGxh-v-w
Business Applications,"438B Alexandra Rd, Unit 04-01/04, Singapore 119968",1.2774853,103.7993961,ChIJL8jGdscb2jERSp8l-j39pHo
morpheus.ws,"100C Pasir Panjang Rd, Singapore 118519",1.275954,103.7959171,ChIJm9Yd2rgb2jERzTidQcIiFL8
Affordable Computer Repairs and Service,"14, Jalan Kebudayaan 5, Taman Universiti, 81300 Skudai, Johor, Malaysia",1.5399541,103.6280901,ChIJ59BFjg502jERl5WAjR-14Zc
Brisbane Computer Fix,"Mowbray Terrace, East Brisbane QLD 4169, Australia",-27.4831517,153.0411131,ChIJQ0-nKzpakWsRBafyFK9id8s
Encomtech Australia Pty Ltd.,"2/163-173 McEvoy St, Alexandria NSW 2015, Australia",-33.8510462,151.0406392,ChIJD0osmcmxEmsRSzN_n9E-Ch0
Hard Drive Doctor,"1 Denise Cl, Rowville VIC 3178, Australia",-37.9165286,145.2338389,ChIJGQb6sPs91moRflMOchwB_KY
WS Computers,"Perum Taman Kartini Raya 1 Blok i no 16 RT.03/RW.14 Kel.Seiharapan, Kc.Sekupang, Sungai Harapan, Kec. Sekupang, Kota Batam, Kepulauan Riau 29428, Indonesia",1.1030407,103.9472653,ChIJfdfO7GKL2TERkgJByVEsRtA
CR Computers,"71 Kampong Bahru Rd, Singapore 169373",1.2763851,103.835812,ChIJ6T22Hm8Z2jERVQf9YRM0usc
Tech Australia,"Setia Business Park No. 5 & 7, Jalan Laman Setia 7, 8, Laman Setia Utama, 81550 Gelang Patah, Johor, Malaysia",1.5133248,103.5822773,ChIJgxknQ15z2jERnXCcaaGJm_0
SSDL Online,"43600 Kajang, Selangor, Malaysia",2.9069624,101.7668035,ChIJm1f2o-XIzTERbxmR792sU2A
Cairns PC,"114 Anderson St, Manunda QLD 4870, Australia",-16.9151214,145.7457487,ChIJ56OEuzpkeGkRqGQQ-V47yqQ
Life FX Digital,"91 - 95 Brick Ln, Spitalfields, London E1 6QL, United Kingdom",51.5213704,-0.0723093,ChIJJZh7r0GbdkgR9tVHiv5jm5k
EVOLUTION CONSTRUCTION UK LIMITED,"15 The Tanneries, Brockhampton Ln, Havant PO9 1JB, United Kingdom",50.8509919,-0.9888329,ChIJqxYOcM9EdEgR8DLAmiQaN1c
Fairchild Engineering Ltd,"755, Jalan Keluli 11, Kawasan Perindustrian Pasir Gudang, 81700 Pasir Gudang, Johor, Malaysia",1.4695295,103.917489,ChIJT0uc-c5q2jERQsOXTGcwfb0
Precision PC,"83 83A, 83B, Jalan Sutera Tanjung 8/2, Taman Sutera Utama, 81300 Skudai, Johor, Malaysia",1.5145271,103.6681788,ChIJG3osywlz2jERRxnOaX5jT6E
KandI Mart,"23, Jalan Dewani, Taman Gembira, 81200 Johor Bahru, Johor, Malaysia",1.5244821,103.7510223,ChIJh_9pd5dt2jER8DLc-XIyv4k
IT Warroirs,null,null,null,null
Viaso,"33020 Viaso, Province of Udine, Italy",46.4074722,12.8463248,ChIJuU3q98uMeUcR_Qtr5JgN7y0
Flameproof Engineering Pty Ltd,"276 New Line Rd, Dural NSW 2158, Australia",-33.698224,151.0315081,ChIJAzkp4rigEmsRpSEkVnZyeus
Coherent Lasers (Australia) Pty. Ltd.,"1 Kallang Sector, #07-06, Singapore 349276",1.326581,103.873524,ChIJaenAq4AX2jER6RFgo8lHKt8
ITF Supplies,"Office 5/1-3 Davies Ave, Mount Eliza VIC 3930, Australia",-38.1832012,145.0910869,ChIJf21-_s8V1moRcB4I1eP-K0o
GR-TEK Computers,null,null,null,null
Technology Markets,"No 23A, Jalan Jati 2, Taman Nusa Bestari Jaya, 81300 Skudai, Johor, Malaysia",1.4989827,103.6562559,ChIJIyOVVGpz2jERTuW3RR9YOJo
Hitchcom Computers,"26 Greenwood St, Wishart QLD 4122, Australia",-27.5556194,153.1008508,ChIJgY6ZnFBbkWsRNCQ8CGHy8H0
Perth Repair Man,"Unit 2, 1186 Hay Street, West Perth WA 6005, Australia",-31.949494,115.844554,ChIJbQZwPy6lMioRSLpiMI8m844
The Computer Company Gisborne,"5/27 Hamilton St, Gisborne VIC 3437, Australia",-37.487977,144.589991,ChIJp-Cp3qLk1moRFYdiIP-JXKA
Netway PC,"Livingston Market Place Shoppi, 23/100-104 Ranford Rd, Canning Vale WA 6155, Australia",-32.085392,115.917112,ChIJwxI7-DuWMioRHywdzz_-8YY
computek australia,"189 Pacific Hwy, Hornsby NSW 2077, Australia",-33.7024731,151.0968829,ChIJUUHH0YOnEmsRbkx8FMbHdmk
Carter Technology Services,"9 Apara St, Forestville NSW 2087, Australia",-33.7602484,151.2019413,ChIJt-TQjqapEmsRBMK7pnZnt2g
Edesign International Inc,"17 Karp Ct, Bundall QLD 4217, Australia",-28.001548,153.412342,ChIJV-0nCj8FkWsRArLWuJA-WVg
Aftershock PC,"996 Bendemeer Rd, #03-06, Singapore 339944",1.3191737,103.8653791,ChIJa547oc8Z2jERJD2EFFJosoc
Techbuyer GmbH,"Neustraße 46, 47574 Goch, Germany",51.6744227,6.1584739,ChIJiaqT-0Jvx0cR_OkLD26_HVE
RealTime AR,"Unit 7/84-90 Lakewood Blvd, Braeside VIC 3195, Australia",-38.0016153,145.1194025,ChIJeywITx9t1moR5wf562cqrnQ
PLE Computers Pty Ltd,"1/46 Buckingham Dr, Wangara WA 6065, Australia",-31.7873535,115.8227335,ChIJnfg5gwWtMioRIn35WX2hIOs
EMPR Australia Pty Ltd,"21/453-455 Victoria St, Wetherill Park NSW 2164, Australia",-33.8445238,150.8903063,ChIJbVQuHByXEmsRbBlWQjGIZwM
AURES Technologies - Australia,"83/85 Boundary Rd, Mortdale NSW 2223, Australia",-33.9638032,151.0679005,ChIJc4gY4Dy5EmsRnOHlQpIlP1A
Pranstek,"Unit 3/11-13 Wells Road Oakleigh VIC 3166, VIC 3803, Australia",-37.9040099,145.095765,ChIJVUAW45AR1moRiIvJcG9smmQ
"Tekdis - Industrial PCs, Mobile Computing, LCD/LED Displays , Industrial Networking & 4G Solutions","35/26-28 Roberna St, Moorabbin VIC 3189, Australia",-37.946385,145.0695129,ChIJHR9juQ1s1moRlQD0zDwh1LQ
Southern Cross Computer Systems,"1330 Malvern Rd, Malvern VIC 3144, Australia",-37.8530976,145.0400343,ChIJVY-vMWxD1moRVZaCxJEFr2o
Backplane Systems Technology,"14/12 Yatala Rd, Mount Kuring-Gai NSW 2080, Australia",-33.6456155,151.1320978,ChIJRa9yot1ZDWsRSslR3binUiA
ReSparky Technology,"Stellenbosch Central, Stellenbosch, South Africa",-33.9328078,18.864447,ChIJ0eWfLkOyzR0R8zGTN7DGQcs
AIT Active IT,"3015A Ubi Rd 1, #03-03, Singapore 408705",1.3286781,103.8929216,ChIJEdn5XHUQ2jERhtcU0QKjfgI
TechRehab,"4153 SW 34th Ave, Amarillo, TX 79109, United States",35.1771323,-101.8835562,ChIJUwk9ddRPAYcRbLNnBHmaNUQ
Geniosity IT,"83, Jalan Flora 1/9, Taman Pulai Flora, 81300 Skudai, Johor, Malaysia",1.553893,103.6241218,ChIJ699AmQ502jERtCwIu5RWX7s
Ad It Solutions,"251 Mahatma Gandhi Rd, Point, Durban, 4001, South Africa",-29.8678194,31.0414662,ChIJT_4Tp1Go9x4RMIkfE7oqn4E
PIT CREW COMPUTERS,"3 Snapper Ct, Woodgate QLD 4660, Australia",-25.124863,152.5816448,ChIJ-VgWNiGQEmsRRPzOEgfO29E
M & M Computing Solutions,"25 & 27, Jalan Perdagangan 9, Taman Universiti Industrial Park, Skudai, 81300, Johor Bahru, Johor, 81300, Malaysia",1.5386862,103.6252696,ChIJT12A-g102jERMp96VqzV3bc
Upgradeable,"Building 1, Level 3/20 Bridge St, Pymble NSW 2073, Australia",-33.751146,151.145439,ChIJmcClLt2uEmsRI6qRHP9EWMs
Adam's Computers,"81 Bukit Batok Cres, Singapore 658065",1.338521,103.755673,ChIJ3YTxrW0Q2jERQ2ZlUuWY1C4
TLG ENGINEERING LIMITED,"262 Boon Lay Dr, Singapore 640262",1.3446491,103.7071541,ChIJ2XrlweoP2jER9VAt-Qhe2m0
Castle Technology,"1557, BLK C Keppel Rd, #03- 33, Singapore 089066",1.273012,103.840626,ChIJf-EAtWsZ2jERKRszeK7aVL0
Computer Repairs North Lakes,"Suite 6/6 Sibley St, North Lakes QLD 4509, Australia",-27.2375035,153.0219168,ChIJr1E6v8f6k2sRXY91rSWVU9c
iNerds,"Haarlemmerstraat 121-1, 1013 EN Amsterdam, Netherlands",52.3809549,4.8900622,ChIJnZQKYikKxkcRI22SNMKmbZk
Bear2go E-Sport Gears,null,null,null,null
Vagabond IT Solutions,"39 Syed Alwi Rd, Singapore 207630",1.3070654,103.8582723,ChIJx1UJxbcZ2jERZfLcNg_0vFw
Meiro International,null,null,null,null
The Printer Warehouse,"PO BOX 8173, Dandenong VIC 3175, Australia",-37.9852377,145.2180569,ChIJ9wLyqnoV1moRrbhj_hVfe94
Vital Pc Solutions,"7, Jalan Bintang, Bukit Bintang, 55100 Kuala Lumpur, Wilayah Persekutuan Kuala Lumpur, Malaysia",3.1435725,101.7098696,ChIJdeQm-Sg2zDERGFUAKJlYwCs
Elutrium Computers & Servers,"26 Milgate Dr, Mornington VIC 3931, Australia",-38.2356315,145.061066,ChIJ_duRwqfe1WoRV_6XbBB46kM
Compu-K,"83 Union St, South Lismore NSW 2480, Australia",-28.8088398,153.2695959,ChIJq6qqqh2ekGsRFouLE0oekhg
My Pc Parts,"10, Jalan Kebudayaan 2, Taman Universiti, 81300 Skudai, Johor, Malaysia",1.5423506,103.6317236,ChIJfzq86Qh02jER6Je5SKejou8
ABS Computer Help,"9, Jalan Permas 9/1, Bandar Baru Permas Jaya, Johor Bahru, 81750, Masai,, Johor, 81750 Johor Bahru, Johor, Malaysia",1.498317,103.818639,ChIJUzVn-J5s2jERutJvYBLUZ-o
Fudachi,null,null,null,null
PC Medic Ringwood,"2 Station St, Ringwood VIC 3134, Australia",-37.817051,145.227456,ChIJZ_yLktc71moRSIe-XxpIq40
PC Transformers,"JTC Blk 19 #06-159, 19 Kallang Avenue (S)339410, Singapore 339410",1.311418,103.865311,ChIJiUwgdMsZ2jER5n4Q1QxYBPE
Firetail DAQ,"13 Karri Loop, Margaret River WA 6285, Australia",-33.9571237,115.0562139,ChIJT2gmyUutLyoRQMNAa88wnzg
Visit Trendsetter.,"World Trade Center, Diosdado Macapagal Blvd, Pasay, 1300 Metro Manila, Philippines",14.550632,120.98702,ChIJh8Qjet_LlzMRzKprGCnLC0o
ONES4PC,null,null,null,null
NoteBook Plus,"83 83A, 83B, Jalan Sutera Tanjung 8/2, Taman Sutera Utama, 81300 Skudai, Johor, Malaysia",1.5145271,103.6681788,ChIJG3osywlz2jERRxnOaX5jT6E
Gisborne P.C. World,"23 Hamilton St, Gisborne VIC 3437, Australia",-37.4881811,144.5905859,ChIJwzVo8sj91moRkR4yY639zl8
Grace Electronics Limited,"501 Orchard Rd, Singapore 238880",1.304592,103.830336,ChIJ10u1tI0Z2jERwO0iElfm7uc
BMS Technology,"31 Kian Teck Way, Singapore 628751",1.3317247,103.6922671,ChIJE3BddoYP2jER5XN85Kx7Qzs
BetterIT Australia - BetterIT.com.au,null,null,null,null
Cogent Technology Services,"805 W 13th St #2, Cadillac, MI 49601, United States",44.266569,-85.4201748,ChIJl959H94IH4gR3htteEKNsQI
INKLINE IT,"Office of PVC(Regional), Edwards Rd, Bendigo VIC 3552, Australia",-36.7793964,144.3021694,ChIJKRbKvOxZ12oRqNv3bhZAE44
Tough Computers,"50 Gambas Cres, #08-13 Proxima @ Gambas, Singapore 757022",1.442306,103.8184676,ChIJq6EzRugT2jERgThb-MeBp7Q
SMTCamera,null,null,null,null
Yawarra Information Appliances,null,null,null,null
Hybrid Hardware,"14, Jalan Mega 1/6, Nusa Cemerlang Industrial Park, 79200 Nusajaya, Johor, Malaysia",1.440925,103.604252,ChIJ35Alkm0M2jEREc7oddNDD8A
Speedie Computers,"Woodgate Business Park, 53 Kettles Wood Dr, Birmingham B32 3DB, United Kingdom",52.4404905,-1.9987769,ChIJIf_ubBKWcEgRjozvvuQcbAE
EDsys Computers,"3 Yeeda Way, Malaga WA 6090, Australia",-31.865436,115.901164,ChIJs1VOy8OxEmsRvrUfnN2XjLQ
Touchscreens Melbourne,"26/8 Enterprise Dr, Rowville VIC 3178, Australia",-37.9127321,145.2347672,ChIJGZPGwOQ91moRYKganqhiMw8
Arbor Australia Pty Ltd,"Building 36/41-49 Norcal Rd, Nunawading VIC 3131, Australia",-37.823016,145.182444,ChIJfcnHcU851moRmwxtjp5kCA0
Simple Technology (UK) Ltd.,"67 Ubi road 1 #08-10 Oxley Bizhub, Singapore 408730",1.332462,103.890777,ChIJA2-6zowX2jER6PlPghfpMuw
Panther Data Pty Ltd,null,null,null,null
IQ KIOSK,"11 Charcoal Cl, Unanderra NSW 2526, Australia",-34.4599598,150.8526464,ChIJ45OkK64QE2sRnPYMfs7uX-k
MAPC,"No. 38, Jalan Kasuarina 6, Bandar Botanik, 41200 Klang, Selangor, Malaysia",2.9895889,101.4519354,ChIJt8iViWaszTERn9K6hJkHkqE
Himark Computers,"282-288 Princes Hwy, Sylvania NSW 2224, Australia",-34.0144974,151.0945095,ChIJaa7jZn24EmsRypoaddS_kmg
Recycle IT Australia,"47 Havelock St, West Perth WA 6005, Australia",-31.949802,115.8439045,ChIJDc51NS6lMioRvGu4AaaohMk
Rugged Mobility,"19, #04-161 Kallang Ave, Singapore 339410",1.3109926,103.8652162,ChIJm3KJEK8Z2jERlfNlxD-laYQ
Leading Edge Computers Colac,"9/58 Hesse St, Colac VIC 3250, Australia",-38.340585,143.589966,ChIJpwl_MBIP02oRgcEVFVGn4jA
JEC Computers,"1/208 Pacific Hwy, Hornsby NSW 2077, Australia",-33.7065061,151.0991939,ChIJ6452XoOnEmsRtfZQEXJlm6k
Agtronix,"1 Maddocks Rd, Kingston TAS 7050, Australia",-42.993728,147.27799,ChIJI-RA6HPXbaoR_EhJIRsNsyQ
Ozecomputers,"6/120 Bulcock St, Caloundra QLD 4551, Australia",-26.804695,153.128176,ChIJgTRBx0aZk2sRUXuYCnToY8k
Silicon Knight Computers,"50 Narangga Terrace, Moonta Bay SA 5558, Australia",-34.0565313,137.5716148,ChIJY9PL_9moumoRTl4gwBZ5tL8
Piazza D'oro,"3402 Piazza De Oro Way #110, Oceanside, CA 92056, United States",33.1820506,-117.3128873,ChIJgyqbdH9x3IARQbTtWPgwmfs
CabTek,"42 Endurance Ave, Queanbeyan NSW 2620, Australia",-35.3404121,149.2492218,ChIJY6oOSaJOFmsRjALluNIflsc
Prestige Communication Systems,"48-1, Jalan Medan Setia 2, Bukit Damansara, 50490 Kuala Lumpur, Wilayah Persekutuan Kuala Lumpur, Malaysia",3.1499653,101.6538558,ChIJVVUVUgJJzDERG01_y2LNqGw
Interactive Touch Systems,"Factory 7/57 Emily St, Seymour VIC 3660, Australia",-37.0183281,145.1324533,ChIJA4xDF9iK12oR9ZRpis-z4hs
SaveOnIT,"Garden Square Office Park, Ground Level, Tower D/643 Kessels Rd, Upper Mount Gravatt QLD 4122, Australia",-27.5610196,153.0786481,ChIJXb5mkFVbkWsRTZoXm_ioHdM
Edunet,"257 Bishan Street 22, Singapore 570257",1.3597779,103.8429936,ChIJM__e7CEX2jERD8j2_0gc2Kg
QUANTUM BLACK,"The Post Building, 100 Museum St, London WC1A 1PB, United Kingdom",51.517002,-0.124664,ChIJa2k7mVYbdkgRCQjIagYJ1kE
Visospace,null,null,null,null
EIZO APAC,"61 Ubi Rd 1, Singapore",1.3325567,103.8906807,ChIJk4WczowX2jER_7kyBrScul8
Sonder Design,"4 Cornwallis St, Eveleigh NSW 2015, Australia",-33.894099,151.1972272,ChIJQ8kWmNCxEmsR59FXYg3NV6g
Phone Repairs Cairns,"Shop K08 Cairns Central Shopping Centre, 1/12 McLeod St, Cairns City QLD 4870, Australia",-16.9249276,145.772058,ChIJ02qEhVlneGkR-PGsBFd3AMU
EMPR Group,"21/453-455 Victoria St, Wetherill Park NSW 2164, Australia",-33.8445238,150.8903063,ChIJbVQuHByXEmsRbBlWQjGIZwM
Auscomp Computers Pty Ltd,"2/47 Collinsvale St, Rocklea QLD 4106, Australia",-27.559273,152.993644,ChIJbbiwm-lPkWsRurY_9-QP5WE
Beyond the Box,"Ang Mo Kio Ave 10, #01-2012 Block 548, Singapore 560548",1.372877,103.8570799,ChIJv5Gcr_oW2jERcuR_l2WI70E
Mecari,"Dharma, Jl. Dharma Putra Gg. Dwi Putra No.Dalam, Siantan Hilir, Pontianak Utara, Kota Pontianak, Kalimantan Barat 78243, Indonesia",-0.0041352,109.3425527,ChIJ91eKCwlZHS4RVLWYKnoZoFM
EVOLVE III,"H84, Escape Loft Residences Sagip Liwanag Compound, Green Valley Subdivision, Bacoor, Cavite, Philippines",14.4074317,120.9942964,ChIJLWgQXHjRlzMRpj6q1WMzoms
ALOGIC Business,"30 Babbage Dr, Dandenong South VIC 3175, Australia",-38.0051333,145.1970961,ChIJfWH7Er4T1moRa_x8zkTmx_s
Crypto Mining Supplies,"9, 10 Allerton Rd, Rugby CV23 0PA, United Kingdom",52.4014226,-1.2386884,ChIJW3czXBlBd0gRa0WBMDmAM2s
Cable Blu,"AEON, 8, Jalan Indah 15/2, Taman Bukit Indah, 81200 Johor Bahru, Johor, Malaysia",1.482618,103.6561119,ChIJ6QTxfUlz2jER9d13FtMHJZ8
Rack World Systems,"49 McGregors Dr, Keilor Park VIC 3042, Australia",-37.7121275,144.8457076,ChIJ_____0SK1moR59ssBnHn7Bc
eWaste Sydney,"l11/65 York St, Sydney NSW 2000, Australia",-33.867963,151.205713,ChIJZ39MUBWZEmsR9_Nx8lAmk2U
ImmersiveIT,null,null,null,null
Data Centre Services Australia Pty Ltd,"26A Ayer Rajah Crescent, Singapore 139963",1.2959674,103.7905688,ChIJB05kAk8a2jERW9mAqo_Tc0c
mstore.com.au,null,null,null,null
3D Printers Online,"18, 09-151 Boon Lay Way, Tradehub 21, Singapore 609966",1.328382,103.752966,ChIJ7-8loDUQ2jERwgiPoOPmAc8
laptopbargain,"Paradigm Mall, 1F-42 & 2F-43A, First Floor & Second Floor, Jalan Bertingkat Skudai, 81200 Johor Bahru, Johor, Malaysia",1.5150847,103.6859255,ChIJ-acPYvhz2jERk31Hr3FHxNw
Amtrade,"Ganeshman Singh Rd, Kathmandu 44614, Nepal",27.6919503,85.3160663,ChIJz8uzgF0Y6zkRn8Quy0aG7i8
Hobart Computer Repairs,"243 Harrington St, Hobart TAS 7000, Australia",-42.8793263,147.317672,ChIJdSY4nQR1bqoR5aVSYA0WHoY
ESL Solutions,"331 North Bridge Rd, #07-01, Singapore 188720",1.2962396,103.8532832,ChIJSWbhNvYZ2jERe6hhZyfj7OI
Mackereth Technology Services,"16 Hillgrove Ct, Bushland Beach QLD 4818, Australia",-19.1915338,146.6705309,ChIJeShuWvQdfmkRSJtvsb4WrKQ
North Wollongong Surf Life Saving Club,"1A Cliff Rd, Wollongong NSW 2500, Australia",-34.4137787,150.9014111,ChIJUQTmlAAZE2sRyUen-1L7MTY
OJ Computers,"268 Port Elliot Rd, Hayborough SA 5211, Australia",-35.5360106,138.6442786,ChIJY_6-KxlMsWoRsGr7QhJe-bM
Roto-Gro International Ltd,"216 St Georges Terrace, Perth WA 6000, Australia",-31.9539836,115.8532393,ChIJ9zIvyNS6MioR2JlvOY_xfF8
PC Dr. Visit,null,null,null,null
Minelab Electronics Pty Ltd,"2 Second Ave, Mawson Lakes SA 5095, Australia",-34.816015,138.6226874,ChIJS6uXFIq2sGoRP7yyE0gqL-4
JOLTEQ,null,null,null,null
Technology Locker Pty Ltd,"26A Davis Rd, Wetherill Park NSW 2164, Australia",-33.8360932,150.9022002,ChIJscY4L0KXEmsRhJBh3MDr_Mo
Digital Matrix Computers,"Shop 4/278 Bayswater Rd, Currajong QLD 4812, Australia",-19.274662,146.7707459,ChIJRynUJvH41WsR7SYpXJ283mQ
Sato Technology,"11 Ubi Rd 1, #03-01 Meiban Industrial Building, Singapore 408723",1.3256496,103.8929738,ChIJL8jGdscb2jERmBtA9Ldyp94
LK Electronic Engineering Pty Ltd,"1 Delmar Parade, Dee Why NSW 2099, Australia",-33.7555344,151.2839806,ChIJM7DpWIiqEmsR5vKRs93IKV0
CompuCoast Pty Ltd,"Regatta 1 Business Centre, 2 Innovation Pkwy, Birtinya QLD 4575, Australia",-26.7320398,153.1212509,ChIJmyu6ASeck2sRP5TluhRu8JY
MY OFFICE SUPPLIES,"4, Jalan Sejambak 23, Taman Bukit Dahlia, 81700 Pasir Gudang, Johor, Malaysia",1.4815068,103.8934879,ChIJBwpcerZq2jERonR9NEluEqs
DNK Systems,"D.E, No 4A, Lot 8638, Jalan Ayer Hitam Batu 6, Jalan Langat, Off Jalan Banting-Klang,41200 Klang, Selangor, 41200, Selangor, Malaysia",2.9597465,101.4512072,ChIJqWAv7xyszTER4WlILmqBwbs
Fix Laptops,"BLK 508 #01-166 Jurong West Street 52, Singapore 640508",1.348666,103.718627,ChIJIWql3dwP2jERH8_t6kTwM70
We Sell Computers,"200 Victoria St, 03-26, Singapore 188021",1.2992894,103.8555196,ChIJGXv3fbkZ2jERdvakxsCe2C4
FIRST PAGE IT LIMITED,"14 Robinson Road Far East Finance Building, #08-01A, Singapore 048545",1.2820199,103.8508417,ChIJjXkBhQ4Z2jERGTy6amWaZDY
Chipmasters,"2/23 Waverley Dr, Unanderra NSW 2526, Australia",-34.4602431,150.8434428,ChIJo6sjebwQE2sR9mszCtVnNco
Winsock Network Services,"37 Marshall Rd, Telopea NSW 2117, Australia",-33.7912017,151.0457613,ChIJR9rqH4qjEmsRcN0laZeT4mA
Pharos Computers,"75 High St, 3F, Singapore 179435",1.2902208,103.8496983,ChIJddl6ag4Z2jERGCSMp91jrCw
Eds Pcs North Lakes,"1149 Westfield Shopping Centre, North Lakes QLD 4509, Australia",-27.2266616,153.0184233,ChIJK6jZUTTlk2sRuM-kq4vW5oo
Australian PC Warehouse,"L/G Floor/84 Pitt St, Sydney NSW 2000, Australia",-33.8668111,151.2089409,ChIJ3Tuggq68EmsRbXDcE-G6tbI
Intermactive,null,null,null,null
PCs FOR KIDS,"37, Jalan Bakti 1, Mutiara Rini, 81300 Skudai, Johor, Malaysia",1.527635,103.630715,ChIJL4RH1HZ02jERAQ4iBun6T8k
CP's PC's,"31 Touraine Vista, Port Kennedy WA 6172, Australia",-32.35492,115.75232,ChIJEbP2HPyDMioRXQ9ndEwz7gQ
Lilydale Computer Services,"2 Beresford Rd, Lilydale VIC 3140, Australia",-37.7499368,145.3367944,ChIJUR9ZyWou1moRcB4Zk9BMz08
Digital Tape Solutions,"35 Kallang Pudding Rd, Singapore 349314",1.3300224,103.8782116,ChIJHacdFYYX2jER1ldY0nYnn_Y
Ava Risk Group Ltd,"8 Shenton Way, #24-01 AXA Tower, Singapore 068811",1.2759082,103.8473289,ChIJHeYNZBIZ2jERE2snmA3bYQ8
CoderKit,null,null,null,null
Sintiro,"3 Mawson St, Punchbowl NSW 2196, Australia",-33.9264959,151.0450542,ChIJIaUfchm9EmsR78GQbv2FA90
All Life Data,null,null,null,null
nobleIT,null,null,null,null
Dcomp,"2/251 High St, Penrith NSW 2750, Australia",-33.7548187,150.7043837,ChIJIU2KU4mFEmsReQQZWDICoNk
Russ Technical Services,"102/2 Webb St, Townview QLD 4825, Australia",-20.7274956,139.5035312,ChIJ7_8Wa_JSFmoRi5K8XihB8AU
Scan36,null,null,null,null
UNSW Computer Enthusiasts Society (PCSoc),"Sydney NSW 2052, Australia",-33.917347,151.2312675,ChIJp8ECA4uxEmsRoAd6A2l9AR0
iTech Digital Solutions,"65 Mast Ave, Seaford Meadows SA 5169, Australia",-35.178258,138.4841115,ChIJYf5C8_glsWoRpzGx5QvPkMo
Hi-Micro Computers,"6/18 Whyalla St, Fyshwick ACT 2609, Australia",-35.3329095,149.1763304,ChIJKy8HrjlMFmsRMakEZrx5YNo
I.T. Campus,"46, Jalan Rotan 8, Taman Sri Pulai, 81110 Johor Bahru, Johor, Malaysia",1.5714849,103.6211841,ChIJgdt7HUd32jERaKfJYrgyEPo
The Electronic Fix,"5/17 Blackwood St, Mitchelton QLD 4053, Australia",-27.412614,152.974683,ChIJ-5kNhJRXkWsRXl1AVnUjv7U
ABT Distribution Pty Ltd,"50 Tagore Ln, Singapore 787494",1.3838043,103.828333,ChIJcYTMELYW2jERpOeErxydPQI
Triton Computers,"996 Bendemeer Rd, #03-06, Singapore 339944",1.3191737,103.8653791,ChIJa547oc8Z2jERJD2EFFJosoc
WeKnowGaming PTY LTD,"1/75 Crockford St, Port Melbourne VIC 3207, Australia",-37.8339049,144.9487808,ChIJT8vE2MJn1moRuOlyJRr6HqM
EPIC PC,"Fortuna Hub Premier, 83, Jln Lembah 18, Bandar Baru Seri Alam, 81750 Masai, Johor, Malaysia",1.5097857,103.866084,ChIJTy7GG9Br2jER3i3rNdfyyjM
McInnes Solutions,"Ngunnawal, Canberra ACT 2913, Australia",-35.1758131,149.1078672,ChIJFfHRxUyrF2sRy85uunF3cvM
Mobile Repair - Cirrus Link,"1 Kaki Bukit View, Singapore 415941",1.3365593,103.9095051,ChIJHarPQ-MX2jERUo1QZBZxkfc
REM PROJECTS,"21 Merchant Rd, Singapore 058267",1.2880726,103.8447117,ChIJaR0fS3UZ2jERT0_SW9a0How
Handii Computers,"996 Bendemeer Rd, #03-06, Singapore 339944",1.3191737,103.8653791,ChIJa547oc8Z2jERJD2EFFJosoc
Topstar Computer International,"13/104-106 Ferntree Gully Rd, Oakleigh East VIC 3166, Australia",-37.8987327,145.1114371,ChIJ3XwG2Yxq1moRCozBtW7a7KU
Radium PCs,"3 Temasek Boulevard, North Wing, Tower 2, #03-325/326 Suntec City Mall, Singapore 038983",1.296039,103.858658,ChIJJaWNB68Z2jER3gtMoWOGVz0
Inkpal,null,null,null,null
MLN,"8 Temasek Blvd, Singapore 038988",1.2952542,103.8595274,ChIJk97FAq8Z2jER1v1dzojn9No
We Code Hardware,"2 Lim Teck Kim Rd, Singapore 088934",1.2737172,103.8428275,ChIJAa2FEWsZ2jER2FSo7m2V26k
Contagious Pty Ltd,"8 Burn Rd, #15-13 Trivex, Singapore 369977",1.3359257,103.8856123,ChIJYTAyTA0Y2jER5mm-QzfBhUw
About Automation,"No9-01, Jalan Pertama 5, Pusat Perdagangan Danga Utama, 81300 Johor Bahru, Johor, Malaysia",1.5182473,103.6805648,ChIJQ4-7HKtz2jERIwRlyAVVepU
FieldTough,null,null,null,null
Arsenal Technology,"1003 B, Mondeal Heights Nr. ISKCON Cross Roads, Sarkhej - Gandhinagar Hwy, Ramdev Nagar, Ahmedabad, Gujarat 380015, India",23.0230655,72.5067661,ChIJKTukNMObXjkRVkkcUOBQIXU
Easypick Pty ltd | Online Computer Store,"Ang Mo Kio Ave 5, Block 606, Singapore 560606",1.379352,103.8365253,ChIJ44FBEFAX2jERjM7HU77inzk
Alpha Complete IT Services,"26 Tuas West Rd, Singapore 638382",1.332484,103.641674,ChIJiwew-lMP2jERYdRaWcZDr_o
Buildility,"No33-1, melaka, Jalan Ttc 26A, Taman Teknologi Cheng, 75250 Melaka, Malaysia",2.2574832,102.2332577,ChIJVZp49aL60TERrcu1P_K7r08
Bevdan Business Services Pty Ltd,"24 Frank St, Frankston VIC 3199, Australia",-38.1360287,145.1462592,ChIJS_nw1jcL1moRJTaRfxpYo6E
Western Mining Co,"62 Nanyang Dr, Singapore 637459",1.345418,103.679045,ChIJe_lA23QP2jERwofMTcztClU
Fantastic Hobbies,"66-A, Jalan Eko Botani 3/6, Taman Eko Botani, 79100 Nusajaya, Johor, Malaysia",1.4381744,103.6188298,ChIJx2sbAK9v2jERPX41xvT00VA
Fourhash,null,null,null,null
PACE Corporation Pty Ltd,"11 Keng Cheow St, #02-11 Riverside Piazza, Singapore 059608",1.288687,103.843862,ChIJcesL_NUX2jERKPq0PgikcDg
Hose Online,"3A International Business Park, Tower A, Icon@IBP Unit #10-01/05, Singapore 609935",1.32726,103.748568,ChIJD5ryhwoQ2jERuOE8i8wc5WU
Upgradeable.com,"Building 1, Level 3/20 Bridge St, Pymble NSW 2073, Australia",-33.751146,151.145439,ChIJmcClLt2uEmsRI6qRHP9EWMs
10ZiG Technology,null,null,null,null
IT Xchange,null,null,null,null
Verbatim Australia & NZ,"6/450-466 Princes Hwy, Noble Park VIC 3174, Australia",-37.9574416,145.1851929,ChIJc0i6Sl8U1moRY0aqU0NHuHY
Techbuyer,"Unit C1, Crimple Ct, Hornbeam Square N, Harrogate HG2 8PB, United Kingdom",53.9784231,-1.5184314,ChIJfWwetxdReUgRaFckvw0FoFU
AURES Group,"83/85 Boundary Rd, Mortdale NSW 2223, Australia",-33.9638032,151.0679005,ChIJc4gY4Dy5EmsRnOHlQpIlP1A
Advantech Australia,"6 Serangoon North Ave 5, #03-08, Singapore 554910",1.3750909,103.8687651,ChIJp6aDc6wi2jERAKP1ycaq_DI
ALOGIC,"28 Sin Ming Dr, Singapore 575702",1.3573977,103.8358426,ChIJ9UYMrCUX2jERbHgnHwBQrYI
Touchmate,"D79, Near Aster Jubilee Medical Complex، Khaleed Bin Walid Road, Bur Dubai - Dubai - United Arab Emirates",25.2599279,55.2932084,ChIJoVvpnxVDXz4RO0E2_dvfaH0
Quantum Brilliance,"ANU, Gould Building (Building 116, Acton ACT 2601, Australia",-35.2765931,149.115992,ChIJaZFzItNNFmsRgwwCesNPUyk
Payam Data Recovery Australia Pty Ltd,"Level 11/65 York St, Sydney NSW 2000, Australia",-33.8679632,151.2057134,ChIJYRM3UPKuEmsRFQmWy_ND-6c
Decentral Crypto Australia,null,null,null,null
I.Store,"No. 7, Jalan Pertanian 8, Taman University, Skudai, Johor, 81300 Johor Bahru, Malaysia",1.537955,103.620171,ChIJ-c9MlBN02jERUcbAxKPFOIg
PC Lan,"1A Tampines Street 92, #01-00a Safra, Singapore 528882",1.3449323,103.9414871,ChIJ_0Tiuh092jERDcuQQYdVevw
Sydney Data Recovery,"Level 11/65 York St, Sydney NSW 2000, Australia",-33.8679632,151.2057134,ChIJYRM3UPKuEmsRFQmWy_ND-6c
Tasty Lemons,"No. 8A, Admiralty Street, #03-37, Food Xchange @ Admiralty, 757437, Singapore 757437",1.3458865,103.7508988,ChIJucjD4T8Q2jERGo9Cflxf2mQ
TechPlexAU,null,null,null,null
Crazy Computers,"3791 Jalan Bukit Merah, Singapore 159471",1.285212,103.811531,ChIJ_09FPdIb2jERY6MUbDUVNTA
iCell Technology,"67 Ubi Cres, Singapore 408560",1.3277646,103.8978983,ChIJhzven8sZ2jERwtNbh42mLXs
Danaher Australia Holding Pty Ltd.,null,null,null,null
Cybdyn Systems,"438 Alexandra Rd #01-05 Alexandra Technopark, B, Singapore 119968",1.2777536,103.7991222,ChIJ3_lkYbgb2jERND21Nw-lqjA
PMSI Group Pty Ltd.,null,null,null,null
TURBULENT FLOW INSTRUMENTATION PTY LTD,null,null,null,null
Coltide Pty Ltd.,"10 Jln Klapa, Singapore 199322",1.304332,103.859923,ChIJs8S257YZ2jERWwK3hXqpJqo
MM VAS Motors Limited,"303 Alexandra Rd, Singapore 159941",1.2902865,103.8073946,ChIJ1QdDClkb2jERz_XhwsnEvtY
EcoVision Solutions Pty Ltd.,"Ecovision Systems Ltd., Ecovision House, Kemble Airfield Enterprise Park, Cirencester GL7 6BQ, United Kingdom",51.663226,-2.05388,ChIJLUovBKhzcUgRY6ygq1ulGIE
Victoria Technology Solutions,"109 Ferndale Rd, Silvan VIC 3795, Australia",-37.8408054,145.4378024,ChIJiygAroMo1moRoUjyyhgqpDs
Memoz,"3494 N Williams Ave, Portland, OR 97227, United States",45.5481319,-122.6664775,ChIJpcRbljSnlVQRsWVlQvjS0OA
Nude Computers,null,null,null,null
Experience IT North Parra,"51-53 Albert St, North Parramatta NSW 2151, Australia",-33.804667,151.012616,ChIJxRUcVBujEmsRUAbhPx4E8HA
Total Tech Support,"3 #01-42 Gateway Dr, Westgate, Singapore 608532",1.3345157,103.7427902,ChIJqV21tI0Z2jERS8EjsoGaYmE
PCW Sydney,"20 Phoenix Ave, Stanhope Gardens NSW 2768, Australia",-33.723624,150.9202262,ChIJ4wrRCzCfEmsR-kBuPCpwxYw
Fraser Coast Computers,"7/17 Liuzzi St, Pialba QLD 4655, Australia",-25.284911,152.832512,ChIJBWqLqC6A7GsRHgsn_orHT6w
Cf2scsi,null,null,null,null
Canning Computer Repairs,"11 Lowden Ct, Parkwood WA 6147, Australia",-32.0507279,115.9194743,ChIJq7Gi7om9MioRq4s5dp3l_14
Cooltech Computers,"81 Old Geelong Rd, Laverton VIC 3028, Australia",-37.849543,144.772505,ChIJ85RjPPCJ1moRQWl3VWwrYQo
13hitech Labs,null,null,null,null
DazBiz Computers,"10/135 Ferny Way, Ferny Hills QLD 4055, Australia",-27.4009471,152.937739,ChIJReCMGGJWkWsRXtHIFBkRGkY
IXL Computers,"3/134-136 Pascoe Vale Rd, Moonee Ponds VIC 3039, Australia",-37.7607994,144.9263865,ChIJpzezDY1c1moR7NL3xH4Uly0
Raycraft Computer Consultants,null,null,null,null
JSN Electronics & Computers,null,null,null,null
TECS Computer Source,"31 Raffles Ave, Singapore 039804",1.28909,103.862314,ChIJn0JGAKoZ2jERXQxonYW4kWI
Oceans Enterprises,"20 Kramat Ln, #02-04 United House, Singapore 228773",1.3008573,103.8428282,ChIJyVp68GoZ2jERBDeh11I5YSo
Combined Technology Services,"No.47, Jalan Masai Jaya 1, 81100 Johor Bahru, Johor, Malaysia",1.5217819,103.813902,ChIJiyV9aoxt2jERrAb6aT_RSKo
The Forge Systems,"5059 Farm to Market 2920, Spring, TX 77388, United States",30.073186,-95.499578,ChIJAa34WBMzR4YRareGA7KlpEw
T-Gear Desktop PC,"Jalan Nusa Bestari 2, Taman Nusa Bestari 2, 81300 Skudai, Johor, Malaysia",1.495996,103.6489688,ChIJoe2poJVz2jERmI0v0-bacLM
Printer Repair in Texas Inc.,"23, Jalan PJS 3/32, Pjs 3, 46000 Petaling Jaya, Selangor, Malaysia",3.0754759,101.6430375,ChIJwT6M3qBLzDERp7w49DOkcBY
Best Deal 4 U Computers & I.T,"5/25 Steel St, Capalaba QLD 4157, Australia",-27.5329299,153.2032093,ChIJDZxmHzhakWsRnMmBkm5YQ-Q
Digital3d Australia,null,null,null,null
Monitoring Technologies International Pty Ltd.,"215 Henderson Road #01-06 Henderson Industrial Park, Singapore 159554",1.2807814,103.819176,ChIJ0_EpsWwZ2jERf9MrPSe8noM
SOS Components Pty Ltd.,"12 Harper Rd, #06-00 Sulisam Building, Singapore 369677",1.3350614,103.8874723,ChIJZ9FA640X2jEROvhTdUHxxNU
JW Computers,"10 Upper Bedok Rd, Singapore 466643",1.3297212,103.9471628,ChIJf3FsRzI92jERncIjie_N5bw
Hire Intelligence,"2/110 Jersey St, Perth WA 6014, Australia",-31.9441419,115.8119112,ChIJfx3RSHOlMioRMOBWh_MhVdY
MSI Australia and New Zealand,"Unit 40/7/9 Percy St, Auburn NSW 2144, Australia",-33.8513303,151.040573,ChIJcTDAn9SoEmsR1MMWoI6w5m0
Venom,"Johor Bahru City Square, 108, Jalan Wong Ah Fook, Bandar Johor Bahru, 80000 Johor Bahru, Johor, Malaysia",1.4615316,103.7636096,ChIJKYWnztwS2jER2QvDggq2ThY
InTouch Screens,"Unit 1/3 Green St, Brookvale NSW 2100, Australia",-33.7636067,151.2668528,ChIJ86_V8EaqEmsRbUmgrDvVu4Y
Allied Gaming PC,null,null,null,null
Objective Eye Tracking,"63 Niven Rd, Singapore 228412",1.3039403,103.8494785,ChIJAQAQvL4Z2jER4rlQn7oEyOk
CipherLab Australia P/L,"9/15 Valediction Rd, Kings Park NSW 2148, Australia",-33.7435813,150.9107046,ChIJqWtAr9mYEmsRv52D3LOkKnY
One World LED,"1026 South Rd, Edwardstown SA 5039, Australia",-34.9839005,138.5738835,ChIJ0-BykRnQsGoRKTor7j5j5uE
Toner Express,"23, Jalan Kenari 2, Bandar Puchong Jaya, 47100 Puchong, Selangor, Malaysia",3.0443503,101.6206074,ChIJ-Zz35llLzDERrpSdrippGXY
MioWORK ANZ,null,null,null,null
Tonermarket - Laserjet & Inkjet Cartridges,null,null,null,null
Kymodo Blue,null,null,null,null
Mushroomnetworks.com.au,"Suite 14, 11-21 Underwood Road, Homebush, NSW 2140, Homebush NSW 2140, Australia",-33.856468,151.078827,ChIJde2dX2e7EmsRZFGhNkarjtw
Arvandtech Pty Ltd,"Warehouse 23 Quantum Corporate Park, 287-301 Victoria Rd, Rydalmere NSW 2116, Australia",-33.8125955,151.0358992,ChIJ7_Wdm3qjEmsRmw4lz_H5CnQ
Apac Notebooks,"23/260 Wickham Rd, Moorabbin VIC 3189, Australia",-37.9483025,145.0551303,ChIJ_fWfTBts1moRBDY4qfzlY5Q
Parafield Discount Ink and Toner,null,null,null,null
Parts Alliance,"9 Kaki Bukit Rd 2, Singapore 417842",1.3379603,103.897336,ChIJdWPGiO4X2jER_cCisa0OM_w
Sisutec,"Hoikintie 225, 71820 Pöljä, Finland",63.1657629,27.6238249,ChIJ11Jmb4pfg0YR-Y9ElLSJv4w
Laptop LCD Screen Australia,"C7/13-15 Forrester St, Kingsgrove NSW 2208, Australia",-33.9388539,151.0972984,ChIJFQI5oyu6EmsRIflbotiRiLo
Elite Systems,"Bandar Puchong Jaya, 47100 Puchong, Selangor, Malaysia",3.0520238,101.6214032,ChIJSUjoYl5LzDERIO0UxIyonkM
ITBIZ SOLUTIONS Pty Ltd,"5 Temasek Blvd, Singapore 038989",1.2946917,103.8578323,ChIJnW2EQK8Z2jERrYsG9V2Cg1w
Bravo Tech Solutions,"6, Jalan Ros Merah 2/17, Johor Jaya, 81100 Johor Bahru, Johor, Malaysia",1.5371325,103.7925137,ChIJ22evSjls2jERB5wwzg-f0K4
Computer Applications Pty Ltd,"3 Fraser St, #14-28, Singapore 189352",1.2990854,103.8581492,ChIJE9n1qK8Z2jER5aypkOFDK18
DIGITABLE,null,null,null,null
Walch's Protech Systems,"Dights Forest Rd, tabletop NSW 2642, Australia",-35.9518806,146.9259006,ChIJwQdEWdrYI2sRn7Pebj1mzZQ
KeyPouch,null,null,null,null
Zedmart Technology,"20 Pasir Panjang Rd, #03-22/24, Singapore 117439",1.275215,103.7991181,ChIJpzle9NAZ2jERGuhKZFEWBzw
DH ELECTRONICS LIMITED,"25 Saunders Rd #5, Barrie, ON L4N 9A7, Canada",44.3261308,-79.6787177,ChIJH4ZwwDi8KogRRyb4ERymsc0
Deus Ex Technologies,"98-104 Parramatta Rd, Camperdown NSW 2050, Australia",-33.8858567,151.1794548,ChIJu-jSOymwEmsRybzM4Dx6D0M
Recompute,"6/38 Canterbury Rd, Bankstown NSW 2200, Australia",-33.9352415,151.0360287,ChIJ3blSjq--EmsR-hLiuNIOUGc
Pro Gaming PC,"6 Raffles Blvd, #02-261/267 Marina Square, Singapore 039594",1.2908236,103.8582045,ChIJ7SE_KKEZ2jERl6iZpcqhvYI
PC Doctors,"57 Ubi Ave 1, #05-11, Singapore 408936",1.32487,103.895165,ChIJj4zEOR4Y2jERTl1jniMMvp4
Time & Attendance Solutions,"Pasaraya U-Mall, Lot G121 & G122, Jalan Pulai 19, Taman Pulai Utama, Johor, 81300 Skudai, Malaysia",1.5468029,103.6229557,ChIJP_9zGRt02jERE_MK-gYFBbU
Senor Tech Pty Ltd,"65 & 67 Weaver Street, Coopers Plains QLD 4108, Australia",-27.5728448,153.0286165,ChIJKSFcJmhFkWsRMCA3uxSxC_4
Technetics Data Recovery Pty Ltd,"9 Temasek Boulevard Two 31/F, Suntec Tower, Singapore 038989",1.2956954,103.859081,ChIJE9n1qK8Z2jERyd45AVX532s
PTComputers,"35/1 Kingston Rd, Heatherton VIC 3202, Australia",-37.9523703,145.0793984,ChIJY7jJyCdt1moR0V5tTYhwMwI
Travel Tek Online,"Sultan Ibrahim Chancellery Building, Jalan Iman, 81310 Skudai, Johor, Malaysia",1.5593571,103.6385749,ChIJS0KMpVRx2jER-F9LWHc9E4w
Netplus Micro Computers,"3 Hector St W, Osborne Park WA 6017, Australia",-31.897886,115.813357,ChIJzUcSHpSvMioRfgZxf_lbpok
Tiller - Know Time,null,null,null,null
2nds IT Pty Ltd,"16 unit/1 Garling Rd, Kings Park NSW 2148, Australia",-33.7446892,150.9104638,ChIJT6Q4TPa8EmsRfgfP7r9EnEI
Streetwise,"15, Jalan Indah 16/8, Taman Bukit Indah, 81200 Johor Bahru, Johor, Malaysia",1.4792395,103.664015,ChIJTRdPlDRz2jERk5Tb3LaFIV0
Advanced Datacom Australia,"38/40 Rushwood Dr, Craigieburn VIC 3064, Australia",-37.613606,144.95132,ChIJhzHCbuVR1moRPBxsIK7v4wM
CartridgesDirect AU,"16/35 Westpool Dr, Hallam VIC 3803, Australia",-38.011608,145.262455,ChIJ3ZWYJiwR1moRgBJvLfRq60k
Laptop Parts,"1 Rochor Canal Road, #03-30, Sim Lim Square, Singapore 188504",1.303023,103.853039,ChIJzaM-1rsZ2jERnrUP9Oy4YnU
HYKA Technology Pty Ltd,"24A Hindmarsh Ave, Welland SA 5007, Australia",-34.909336,138.5589336,ChIJfb3KiVfPsGoRnIhbbD1aXug
IPS Intelligent Systems Pty Ltd,"3A International Business Park, #01-12 ICON@IBP, Singapore 609935",1.3274873,103.749278,ChIJ6btyhwoQ2jERmYGr3_Mtb5c
Virtualize With Us,"250 North Bridge Road #39-04 Raffles City Tower, Singapore 179101",1.2937868,103.8527761,ChIJAQexHwwZ2jERGxd-_MxwGQE
Tech Heads IT Services,null,null,null,null
Also Technology,"41, Jalan Kebudayaan 2, Taman Universiti, 81300 Skudai, Johor, Malaysia",1.5428229,103.631993,ChIJY_VFlQh02jERUf9w-TqgFww
MCS Distribution,"15 Taylors Ln, Mile End SA 5031, Australia",-34.9227537,138.5750583,ChIJYzWj2rLIsGoR3p06lQ_wPm8
HighwayDigital,null,null,null,null
Dream PC Pty Ltd,"7, Jl. Perniagaan, Pusat Perniagaan Alma, 14000 Bukit Mertajam, Pulau Pinang, Malaysia",5.3303,100.4770451,ChIJGfs5zU7ISjAR24kUj0M3EJA
PCEM,"Rua da Liga Nacional Africana Loja 17 B, R/c, Luanda, Angola",-8.8189038,13.2452478,ChIJu-NYpvfzURoRy6XtmxdBo7Y
iseek computing,"72 Princes Hwy, Littlehampton SA 5250, Australia",-35.0492415,138.8636153,ChIJ1XYc65o5t2oRyGZJ1neOqdc
X-Tech Buy,"17 & 19, Jalan Kebudayaan 8, Taman Universiti, 81300 Skudai, Johor, Malaysia",1.5413752,103.631009,ChIJvX1eLgl02jER4DgeOuWaBOU
POS Sales,"No.35, Level, 1, Jalan Austin Perdana 2/22, Taman Austin Perdana, 81100 Johor Bahru, Johor, Malaysia",1.5474143,103.7812731,ChIJ80jIqS5s2jERrYHLSTBsUOY
Home Assistant Australia,"9 Benoi Sector, Singapore 629844",1.3200908,103.682824,ChIJJWcLiXgF2jERS7YSScDREf8
Chidion PTY LTD AI,"400 Burke Rd, Camberwell VIC 3124, Australia",-37.845299,145.054272,ChIJmyEIDmpB1moREDDIK1sWby0
JB IT Solutions,"6, Jalan Ros Merah 2/17, Johor Jaya, 81100 Johor Bahru, Johor, Malaysia",1.5371325,103.7925137,ChIJ22evSjls2jERB5wwzg-f0K4
FEC ANZ,"Lebuh Nipah, Bayan Lepas, 11900 Bayan Lepas, Pulau Pinang, Malaysia",5.337378,100.292431,ChIJd8xfQEXASjARYO0uFDwIJq0
Argus Property Group Pty Ltd,"level 15/9 Hunter St, Sydney NSW 2000, Australia",-33.8657001,151.2079205,ChIJ13LPrEGuEmsR5ggrZ14VaCc
Trevan-IT,"217/223 Keen St, Lismore NSW 2480, Australia",-28.8119693,153.2758515,ChIJP05kBh-ekGsRGSSvuyDkTLQ
Cottontech Pty Ltd,"Suite 7, L22, 127 Creek St, Brisbane City QLD 4000, Australia",-27.4656572,153.0277733,ChIJlWYNfB1akWsRNwIup9zITsI
Accumulatos Pty. Ltd.,"50 Tuas Ave 11, Singapore 639107",1.325304,103.642923,ChIJSUSFJ_kF2jERRrjcnsGHy7E
EM Controls,"Unit 221/14 Lexington Dr, Bella Vista NSW 2153, Australia",-33.7365885,150.946006,ChIJscJFuVOfEmsRE03Y6RW-PAs
Xyz Technology,"14-26 Audsley St, Clayton South VIC 3169, Australia",-37.931033,145.123246,ChIJfWaE5yRr1moRoecOQm5epsI
CoreMac,"6/A, Via Mastronardi Lucio, Vigevano, PV 27029, Italy",45.30853,8.83264,ChIJH-hoLej8hkcRZAr5GOqwPs8
Hills Health Solutions Pty Ltd.,"unit 1 building f/3-29 Birnie Ave, Lidcombe NSW 2141, Australia",-33.8565248,151.0594511,ChIJpW4vzVGjEmsRsjQjFehG8b0
Click Pty Ltd,"1 Wallich St, #16-01/02 Guoco Tower, Singapore 078881",1.2771442,103.8458855,ChIJCcJpUhIZ2jER7ybBYmK5Pj0
ASUS Australia and New Zealand,null,null,null,null
Techbuyer Asia Pacific,"Anson Rd, Singapore 079907",1.2732079,103.843634,ChIJEezBImsZ2jERxrVqGFhFDvs
yellowbox,"No.19, Jalan Dewani, Kawasan Perindustrian Dewani, 81100 Johor Bahru, Johor, Malaysia",1.523606,103.75406,ChIJkW_Nbhpr2jERLAIt-v-PRX0
APC Technology,"39, Jalan Kebudayaan 1a, Taman Universiti, 81300 Skudai, Johor, Malaysia",1.541285,103.63288,ChIJK9muBAl02jER7PfRKMbFvVc
CLI,"Faculdade de Letras, Alameda da Universidade, 1600-214 Lisboa, Portugal",38.753914,-9.157814,ChIJJfSho-IyGQ0RDDqDxVBgBBs
LYRO Robotics,"6 Electronics St, Eight Mile Plains QLD 4113, Australia",-27.5790867,153.0974287,ChIJM04FtJhFkWsRcvnszct32SQ
Roland DG Australia Pty Ltd.,"Unit 14/25 Frenchs Forest Rd E, Frenchs Forest NSW 2086, Australia",-33.752149,151.242394,ChIJWW2ENfOpEmsROQtJz3C7SEg
PC Case Gear,null,null,null,null
Anyware Corporation,"Unit 4B2, 21 South St, Parklands Estate, Rydalmere NSW 2116, Australia",-33.81249,151.037405,ChIJD3NvNkm7EmsRjjcPGtrDKtQ
SQ SOLUTIONS PTY LTD,"Riverbank Dr, The Ponds NSW 2769, Australia",-33.7056628,150.911977,ChIJz25AUhGfEmsRMmBvbrT3oy0
Shepparton Computer Repairs,"32 King St, Shepparton VIC 3630, Australia",-36.3682099,145.3981761,ChIJIx31Y3SE2GoR19ov_WFY5HY
Stockton Computers,"4343 Pacific Ave suite e2, Stockton, CA 95207, United States",37.9874531,-121.3120003,ChIJI0xIyKsNkIAR7FinHoz4wKs
The Logical Interface,"96 Fowler Rd, Illawong NSW 2234, Australia",-33.995163,151.056549,ChIJF_HGybe4EmsReyXuFFMYgGs
Realistic Computers,"35, Taman, Jalan Pinggiran 2, Horizon Hills, 79100 Nusajaya, Johor, Malaysia",1.4560217,103.6474827,ChIJPRIwx5Jz2jERWPYCJbLyeAs
Switch PC Service,"​No.19,Jalan Emas Putih, Taman Sri Putri, 81300 Johor Bahru, Johor, Malaysia",1.54466,103.656098,ChIJ4fSwNuZz2jERkCjwBIXYNXs
NEW APPROACH INTERNATIONAL,null,null,null,null
GenuineWinner.com,null,null,null,null
pc-optimizers,"3rd Ave, CB Block, Sector 1, Bidhannagar, Kolkata, West Bengal 700064, India",22.588931,88.402476,ChIJcdbxEeB1AjoRoFZxUjF16G8
Rentimac,"7/9 Underwood Rd, Homebush NSW 2140, Australia",-33.856036,151.077855,ChIJ69vWNTO7EmsRyy6EouFBI9w
THUMB CANDY LIMITED,"18 Teck Whye Ln, #01-95, Singapore 680018",1.3782996,103.7541248,ChIJoTxBzrgR2jERavGEbvzC5Ys
